{
  "error": false,
  "width": 509,
  "height": 459,
  "id": 2662964,
  "max_x": 12.73447307300849,
  "max_y": 5.145534103158641,
  "min_x": -5.376652565185221,
  "min_y": -8.168596580170298,
  "offset_x": 13955566.87619434,
  "offset_y": 3885936.2337022102,
  "lo1":12.21,
  "la1":45.85,
  "lo2":22.37,
  "la2":36.67,
  "resolution": 1024.0
}
